id,is_flat
0,1
1,1
2,1
3,0
4,1
5,0
6,1
7,1
8,1
9,1
10,1
11,0
12,1
13,1
14,1
15,0
16,1
17,1
18,1
19,1
20,0
21,1
22,1
23,1
24,0
25,1
26,1
27,0
28,1
29,1
30,1
31,1
32,1
33,1
34,1
35,1
36,1
37,1
38,0
39,1
40,1
41,1
42,0
43,1
44,0
45,1
46,1
47,1
48,1
49,1
51,1
52,1
53,1
54,1
55,1
56,1
57,1
58,1
59,1
60,1
61,1
62,1
63,1
64,1
65,1
66,1
67,1
69,1
70,1
71,1
72,1
73,1
75,1
76,1
77,1
78,1
79,1
80,1
82,1
84,0
85,1
87,1
89,1
90,1
91,1
97,1
101,1
104,1
105,1
106,1
107,1
111,1
113,1
114,1
116,1
117,1
118,1
120,1
121,1
122,1
123,1
124,1
125,1
126,1
127,1
128,1
129,1
130,1
133,1
134,1
135,1
137,0
139,1
140,1
141,1
142,1
143,1
145,1
146,1
147,1
149,1
150,1
151,1
152,1
153,1
154,1
156,0
157,1
158,1
159,0
160,1
162,1
174,1
175,1
176,1
177,1
178,1
179,1
180,1
181,1
183,1
184,1
187,1
188,1
189,1
190,1
191,1
192,1
193,1
196,1
197,1
198,1
199,1
200,1
201,1
203,1
206,1
208,1
209,1
210,1
211,1
212,1
213,1
214,1
216,1
218,1
219,1
220,1
221,0
222,1
223,1
226,0
227,1
228,0
229,1
230,1
231,1
232,1
233,1
234,1
235,1
236,1
237,1
238,1
239,1
240,1
241,1
242,1
243,1
245,1
246,1
247,1
248,1
249,1
251,1
252,1
253,1
254,1
255,1
256,1
257,0
258,1
259,1
261,1
263,1
264,1
265,1
273,1
275,1
276,1
277,1
278,1
279,1
280,1
281,1
282,1
283,1
284,1
285,1
286,1
287,0
288,1
289,1
291,1
292,1
293,1
295,1
296,1
297,1
298,1
299,1
302,1
304,1
306,1
308,1
309,1
310,1
311,1
312,1
313,1
314,1
315,1
316,1
317,1
318,1
319,1
320,0
321,1
322,1
323,1
324,1
325,1
326,1
327,1
330,0
331,1
332,1
333,1
334,1
335,1
336,1
337,1
338,1
339,1
340,1
341,0
342,1
343,1
344,1
345,1
346,1
347,1
348,1
349,1
352,1
353,1
354,1
355,1
356,1
357,1
358,1
359,1
360,1
361,1
363,1
366,1
368,1
369,1
370,1
371,1
372,1
373,1
374,1
376,1
377,1
378,1
379,1
380,1
381,1
382,1
383,1
384,1
385,1
386,1
387,1
388,1
389,1
390,1
391,1
392,1
393,1
394,1
395,1
396,1
397,1
398,1
399,1
400,1
401,1
405,1
407,1
409,1
415,1
419,1
422,1
423,0
424,1
425,1
427,1
429,1
430,1
431,1
432,1
433,1
437,1
438,1
440,1
445,1
446,1
447,1
448,1
449,1
451,1
452,1
453,1
454,1
458,1
459,1
460,1
462,0
463,1
465,1
466,1
468,1
472,1
473,1
474,1
475,1
476,1
477,1
478,1
479,1
480,1
481,1
482,1
483,1
484,0
485,1
487,0
488,0
490,1
491,1
492,1
494,1
497,1
498,1
499,1
500,1
501,1
502,1
503,1
504,1
505,1
506,1
507,1
508,1
510,1
511,1
512,1
514,1
516,1
517,1
519,0
521,1
522,1
523,1
525,1
527,1
528,1
529,0
530,1
531,1
532,1
533,1
534,0
538,1
539,1
540,1
541,1
542,1
544,0
546,1
547,0
548,1
549,1
551,1
552,1
554,1
555,0
556,0
557,0
559,0
560,0
562,0
564,1
568,1
572,1
573,1
574,0
578,1
582,0
583,0
584,0
585,0
589,0
593,0
594,1
595,0
596,0
597,0
598,1
599,1
600,0
601,0
603,1
605,1
606,0
607,0
610,0
611,1
612,0
613,1
614,0
615,0
617,0
619,0
620,0
625,0
626,1
627,0
628,0
631,0
632,0
633,0
634,0
637,0
639,0
642,0
643,0
646,0
663,1
664,0
666,1
668,0
674,0
676,0
682,0
686,0
687,1
689,0
690,1
693,0
696,1
700,0
715,0
722,0
724,0
727,0
730,0
743,0
744,1
746,1
749,1
750,1
751,0
752,0
755,0
758,0
760,0
761,0
765,0
770,0
773,1
781,0
794,0
796,0
800,0
803,0
805,0
806,0
808,1
815,1
817,1
820,1
821,0
822,0
823,1
824,0
827,0
830,0
833,1
835,1
837,1
841,1
842,1
844,0
845,0
851,0
857,0
858,0
859,1
860,1
861,0
863,1
864,1
865,1
867,0
871,0
877,1
884,1
885,0
888,0
889,0
894,0
895,1
896,1
897,0
898,0
900,0
901,0
902,0
904,1
919,1
923,0
928,1
929,0
930,1
931,1
932,1
933,1
934,1
937,1
938,1
941,1
942,1
944,1
946,1
947,1
950,1
951,1
954,1
955,1
958,1
959,1
965,1
967,0
970,1
972,1
976,0
979,0
986,1
996,1
998,1
999,1
1000,1
1001,1
1002,1
1003,1
1004,1
1005,0
1006,1
1010,1
1012,1
1024,1
1025,1
1026,1
1028,1
1030,1
1032,1
1035,1
1036,1
1038,1
1042,1
1044,1
1046,1
1047,1
1048,1
1050,1
1055,1
1058,1
1059,1
1061,1
1063,1
1066,0
1068,1
1072,0
1075,1
1076,1
1077,1
1078,1
1082,1
1083,1
1084,1
1085,1
1086,0
1087,1
1088,0
1090,1
1091,1
1092,1
1093,1
1094,1
1096,1
1097,1
1098,1
1099,1
1100,1
1101,1
1102,0
1103,1
1104,1
1105,1
1106,1
1107,1
1108,1
1109,1
1110,0
1114,1
1121,1
1126,0
1128,0
1129,1
1130,1
1131,0
1132,0
1133,1
1134,1
1135,0
1137,0
1142,1
1145,1
1146,0
1148,1
1149,1
1150,1
1153,1
1156,1
1159,1
1160,0
1164,1
1165,0
1166,1
1167,0
1168,1
1170,0
1171,0
1172,1
1173,0
1174,1
1175,1
1177,1
1181,1
1184,0
1185,0
1186,1
1189,0
1191,0
1192,1
1194,1
1197,1
1198,0
1200,1
1201,1
1203,0
1204,0
1209,0
1210,0
1211,1
1214,1
1215,0
1216,1
1217,0
1219,0
1220,1
1224,1
1226,1
1228,0
1229,1
1232,1
1238,0
1239,0
1241,0
1242,0
1243,0
1246,0
1253,1
1254,1
1258,0
1259,0
1263,0
1264,1
1265,1
1266,1
1267,1
1268,0
1269,0
1274,1
1276,0
1278,0
1279,1
1280,0
1281,0
1284,0
1286,1
1294,0
1299,0
1304,1
1306,1
1310,1
1311,0
1312,1
1313,1
1314,1
1317,0
1324,0
1325,1
1326,1
1327,1
1328,0
1335,1
1336,1
1337,1
1338,1
1341,1
1346,0
1348,0
1349,1
1353,1
1354,1
1355,0
1357,1
1358,1
1359,1
1360,0
1361,1
1362,1
1363,1
1364,1
1366,1
1367,1
1368,1
1369,0
1370,1
1371,1
1374,1
1379,1
1383,1
1385,1
1386,1
1387,1
1388,0
1389,1
1390,1
1396,1
1399,1
1400,0
1402,1
1403,1
1410,0
1411,0
1412,1
1413,0
1414,1
1416,1
1422,1
1424,1
1425,1
1427,1
1428,1
1429,1
1430,1
1431,0
1432,1
1433,1
1434,1
1435,1
1436,1
1437,0
1438,1
1443,0
1444,0
1445,0
1448,1
1449,0
1450,1
1456,0
1457,0
1458,1
1459,1
1461,1
1462,1
1464,0
1465,1
1466,0
1467,1
1468,0
1469,1
1471,1
1472,1
1475,0
1476,0
1477,0
1479,1
1480,1
1481,1
1483,0
1486,1
1487,0
1488,0
1489,1
1492,1
1495,1
1496,1
1497,1
1498,1
1499,1
1500,1
1501,0
1502,0
1503,0
1504,1
1505,1
1507,1
1508,0
1509,1
1510,0
1511,1
1512,1
1515,0
1518,0
1519,0
1521,0
1522,1
1523,0
1528,1
1529,1
1530,1
1531,1
1532,1
1534,1
1535,1
1537,1
1538,1
1539,1
1540,1
1541,0
1542,1
1543,1
1544,1
1545,0
1548,0
1549,1
1551,1
1552,1
1553,1
1554,0
1558,0
1560,1
1569,1
1574,1
1575,1
1576,1
1578,1
1579,1
1580,0
1581,1
1582,1
1583,1
1584,1
1586,0
1590,1
1592,1
1594,0
1598,1
1599,1
1600,1
1602,1
1604,0
1605,1
1607,1
1608,0
1610,1
1613,1
1614,1
1616,1
1617,1
1619,1
1622,1
1623,0
1624,1
1626,1
1627,1
1628,1
1630,0
1631,0
1632,0
1633,1
1634,1
1635,1
1636,0
1637,0
1639,1
1640,1
1643,0
1644,1
1647,1
1649,1
1650,1
1654,0
1658,0
1659,0
1677,1
1678,1
1680,1
1686,1
1689,1
1690,1
1692,1
1696,0
1697,1
1700,1
1707,1
1709,1
1710,0
1713,0
1714,0
1716,0
1720,1
1724,1
1725,0
1731,1
1733,0
1736,0
1749,0
1764,1
1765,1
1767,1
1768,1
1769,1
1770,1
1771,0
1772,1
1773,1
1774,1
1776,1
1778,1
1780,1
1784,1
1785,0
1786,1
1792,0
1799,1
1800,0
1801,0
1808,1
1811,1
1812,1
1815,1
1816,1
1817,1
1821,0
1824,1
1825,1
1827,1
1828,1
1830,1
1831,1
1832,1
1833,1
1838,1
1839,1
1841,1
1842,0
1843,1
1846,1
1847,0
1849,0
1853,0
1854,1
1856,1
1857,1
1860,1
1861,0
1863,1
1866,1
1867,1
1868,1
1869,1
1871,1
1872,1
1873,1
1874,1
1875,1
1877,1
1878,1
1879,1
1880,1
1881,1
1882,0
1883,1
1884,1
1885,1
1886,1
1888,1
1889,1
1890,1
1891,0
1892,0
1893,1
1894,0
1895,0
1896,0
1898,0
1906,0
1907,1
1908,1
1909,1
1910,1
1911,0
1912,1
1913,0
1914,1
1915,1
1916,0
1922,0
1923,1
1924,1
1925,1
1926,1
1927,1
1928,1
1929,1
1930,0
1931,1
1932,1
1933,1
1934,1
1936,1
1937,1
1939,0
1940,1
1945,1
1946,1
1947,0
1949,1
1950,1
1951,1
1952,1
1953,0
1955,1
1956,1
1957,1
1958,0
1959,1
1960,1
1962,1
1978,1
1980,0
1981,0
1984,1
1985,1
1986,1
1987,1
1988,1
1989,1
1990,0
1991,1
1993,1
1998,0
1999,0
2001,1
2007,0
2008,0
2009,1
2011,1
2012,0
2013,1
2014,0
2015,0
2017,0
2021,1
2022,1
2023,1
2024,1
2025,1
2026,1
2027,1
2030,1
2032,1
2033,1
2034,1
2035,1
2037,1
2038,1
2039,1
2040,1
2041,0
2043,1
2044,1
2045,1
2046,0
2047,1
2048,0
2049,1
2050,1
2051,1
2052,0
2053,0
2054,1
2056,1
2060,0
2063,0
2064,0
2070,1
2071,1
2072,1
2073,0
2076,1
2078,1
2081,0
2082,1
2083,1
2084,1
2086,1
2087,1
2088,1
2089,1
2090,0
2091,1
2092,1
2097,1
2098,0
2103,1
2105,1
2106,1
2107,0
2110,0
2113,0
2114,1
2116,1
2117,0
2118,1
2119,1
2120,1
2121,1
2122,1
2124,0
2125,0
2126,1
2128,1
2129,0
2130,1
2131,1
2132,0
2133,0
2134,0
2135,0
2136,0
2137,1
2138,0
2139,1
2140,1
2141,1
2142,1
2143,1
2144,1
2145,1
2146,0
2147,1
2148,1
2149,1
2150,1
2151,0
2156,1
2157,1
2158,0
2159,0
2160,0
2161,0
2162,0
2163,0
2171,1
2173,1
2175,1
2176,1
2177,1
2178,1
2179,1
2184,1
2185,1
2187,1
2188,0
2191,1
2192,0
2194,1
2195,1
2196,1
2197,0
2198,1
2199,0
2200,1
2201,0
2202,1
2203,1
2204,1
2205,1
2210,1
2212,1
2214,0
2216,0
2217,0
2218,1
2219,1
2220,1
2221,1
2224,1
2225,1
2226,1
2227,1
2228,1
2229,1
2230,1
2231,1
2232,0
2233,1
2234,1
2235,1
2236,1
2237,1
2238,1
2239,1
2240,1
2241,1
2248,1
2250,1
2251,0
2253,1
2254,1
2255,0
2257,1
2259,0
2261,0
2265,1
2266,1
2267,1
2268,1
2269,0
2270,1
2273,0
2275,0
2276,1
2278,0
2279,1
2280,1
2281,1
2282,0
2286,0
2291,0
2297,0
2298,1
2302,0
2303,0
2304,1
2308,1
2309,0
2310,1
2311,1
2312,1
2313,0
2314,0
2316,0
2320,0
2324,1
2326,1
2329,1
2331,0
2333,1
2336,0
2337,1
2338,0
2339,0
2340,0
2342,1
2343,1
2344,1
2345,1
2347,1
2348,1
2349,1
2350,0
2351,0
2352,1
2353,1
2354,0
2355,1
2356,1
2357,0
2358,1
2359,1
2360,0
2361,0
2362,1
2363,0
2364,0
2365,1
2366,0
2371,0
2372,0
2373,1
2374,1
2375,1
2385,0
2386,0
2387,1
2388,1
2389,1
2390,1
2391,1
2392,1
2393,1
2394,0
2395,1
2397,0
2399,0
2402,0
2403,0
2404,0
2405,1
2407,1
2408,1
2409,1
2410,1
2411,1
2412,1
2413,1
2414,1
2415,1
2417,0
2419,0
2420,1
2421,0
2422,0
2424,1
2427,1
2431,1
2433,1
2435,1
2437,1
2445,0
2446,0
2447,1
2448,0
2449,0
2450,0
2452,1
2453,1
2455,0
2456,0
2457,1
2458,1
2459,1
2460,1
2461,1
2463,0
2469,1
2473,0
2474,1
2480,1
2481,1
2482,1
2483,0
2484,0
2485,0
2486,1
2487,1
2489,0
2490,1
2491,0
2492,0
2493,1
2494,0
2495,1
2502,0
2503,0
2504,1
2505,1
2506,1
2507,1
2508,1
2509,0
2511,1
2512,0
2518,0
2519,0
2520,1
2521,1
2522,1
2526,1
2530,1
2531,1
2532,1
2533,0
2534,1
2535,1
2536,1
2537,1
2538,1
2539,1
2540,1
2541,0
2542,0
2543,1
2546,1
2547,1
2548,1
2549,1
2552,0
2553,1
2554,0
2565,1
2566,0
2567,0
2568,1
2569,0
2571,1
2572,1
2576,0
2579,0
2580,1
2581,1
2582,0
2584,1
2586,1
2587,0
2588,1
2589,1
2590,1
2591,0
2592,1
2593,0
2595,0
2596,0
2597,1
2598,0
2599,1
2602,1
2603,1
2605,1
2606,0
2608,1
2609,1
2610,0
2611,0
2612,1
2613,0
2614,1
2616,0
2617,1
2618,1
2619,0
2620,1
2621,0
2624,1
2628,0
2630,0
2633,1
2635,1
2636,0
2637,1
2638,1
2640,1
2641,1
2642,1
2643,1
2644,1
2645,1
2646,1
2647,0
2648,1
2649,1
2650,1
2651,0
2652,1
2653,0
2654,1
2655,0
2659,1
2665,1
2672,1
2673,1
2674,1
2675,0
2676,0
2677,0
2678,1
2679,0
2680,0
2682,0
2692,1
2694,1
2697,0
2703,0
2710,0
2713,1
2716,0
2717,1
2718,1
2719,0
2720,0
2721,1
2722,1
2725,1
2728,0
2729,1
2730,1
2731,1
2732,1
2733,1
2734,1
2735,1
2736,1
2737,0
2738,1
2739,1
2751,1
2752,1
2753,0
2754,1
2755,0
2757,1
2758,1
2759,1
2760,1
2761,0
2762,0
2763,1
2764,1
2765,1
2772,0
2776,1
2777,0
2778,0
2779,1
2784,1
2786,0
2787,0
2791,1
2793,0
2794,1
2795,1
2796,1
2797,1
2799,0
2800,1
2807,0
2809,1
2810,0
2811,0
2812,0
2813,1
2814,1
2815,1
2816,0
2817,1
2818,1
2819,1
2820,1
2821,1
2822,1
2823,0
2824,1
2825,1
2826,1
2827,1
2828,1
2829,1
2830,1
2831,1
2832,1
2833,1
2834,0
2836,1
2837,1
2838,1
2841,1
2843,1
2848,0
2849,1
2850,1
2851,0
2852,1
2853,0
2855,0
2856,1
2857,0
2859,1
2860,1
2863,1
2864,1
2865,0
2870,0
2874,0
2875,1
2877,0
2878,0
2880,1
2881,1
2882,0
2884,1
2885,0
2886,1
2887,1
2888,1
2889,1
2890,0
2891,0
2892,1
2893,1
2894,1
2895,1
2896,0
2897,1
2898,1
2899,0
2900,1
2901,1
2910,0
2912,0
2913,1
2916,1
2917,1
2920,0
2921,1
2922,1
2923,1
2924,1
2925,1
2926,1
2930,0
2932,1
2933,1
2934,1
2936,1
2937,1
2938,1
2939,1
2940,1
2941,1
2943,1
2947,0
2950,0
2953,1
2954,1
2955,0
2956,1
2957,1
2958,1
2959,1
2960,1
2961,1
2962,1
2963,1
2964,1
2965,1
2966,1
2968,1
2970,1
2971,1
2972,1
2973,1
2974,1
2977,1
2978,1
2979,1
2981,1
2982,1
2983,1
2984,1
2985,1
2986,1
2987,1
2988,1
2989,1
2990,1
2991,1
2992,1
2993,1
2994,1
2995,1
2996,1
2997,1
2998,1
2999,1
3000,1
3001,1
3002,1
3003,1
3004,1
3005,1
3006,1
3007,1
3008,1
3009,1
3010,1
3011,1
3012,1
3013,1
3014,1
3015,1
3017,1
3018,1
3019,1
3020,1
3021,1
3022,1
3023,1
3024,1
3025,1
3028,1
3030,1
3031,1
3032,1
3033,1
3034,1
3035,1
3036,1
3037,1
3038,1
3039,1
3040,1
3041,1
3042,1
3043,1
3044,1
3045,1
3046,1
3047,1
3048,1
3049,1
3050,1
3051,1
3052,1
3053,1
3054,1
3055,1
3056,1
3057,1
3058,1
3059,1
3060,1
3061,1
3062,1
3063,1
3064,1
3065,1
3066,1
3067,1
3068,1
3069,1
3070,1
3071,1
3072,1
3074,1
3077,1
3078,1
3079,1
3080,1
3081,1
3082,1
3083,1
3084,1
3085,1
3086,1
3088,1
3089,1
3090,1
3091,1
3092,1
3093,1
3094,1
3095,1
3096,1
3099,1
3100,1
3103,1
3104,1
3107,1
3108,1
3113,0
3115,1
3116,1
3117,1
3119,1
3120,1
3122,1
3123,1
3124,1
3125,1
3126,1
3127,1
3129,1
3130,1
3132,1
3133,1
3134,1
3135,1
3136,1
3137,1
3138,1
3139,1
3140,1
3141,1
3142,1
3143,0
3144,0
3145,0
3146,1
3147,1
3148,1
3149,1
3150,1
3151,1
3152,1
3153,1
3154,1
3155,1
3156,1
3157,1
3158,1
3159,1
3160,1
3161,1
3162,1
3163,1
3164,1
3165,1
3167,1
3168,0
3169,0
3170,0
3171,1
3172,0
3173,0
3174,1
3175,0
3176,1
3178,1
3180,1
3183,1
3184,1
3186,1
3187,1
3189,0
3191,1
3192,1
3193,1
3194,1
3201,1
3202,1
3203,1
3204,0
3205,0
3206,1
3207,0
3208,1
3209,1
3210,1
3211,1
3223,1
3224,1
3225,1
3226,1
3227,1
3228,0
3229,1
3230,1
3231,1
3232,1
3233,1
3238,0
3239,0
3240,0
3241,1
3242,1
3244,0
3245,1
3246,1
3247,1
3248,1
3249,1
3250,1
3251,0
3252,1
3253,1
3254,1
3255,1
3256,1
3257,1
3258,1
3259,1
3260,1
3263,1
3266,1
3267,1
3268,1
3269,1
3270,1
3271,1
3272,1
3273,1
3274,1
3275,1
3276,1
3277,1
3278,1
3279,1
3280,1
3281,1
3282,1
3283,1
3284,1
3285,1
3286,1
3287,1
3288,1
3289,1
3290,1
3291,1
3292,1
3293,1
3294,1
3295,1
3297,1
3298,1
3299,1
3300,1
3301,1
3302,1
3303,1
3304,1
3305,1
3306,1
3307,1
3309,1
3310,1
3311,1
3312,1
3313,1
3320,1
3325,1
3329,1
3340,1
3341,1
3342,1
3343,1
3344,1
3345,1
3346,1
3347,1
3348,1
3349,1
3352,1
3353,1
3354,1
3355,1
3356,1
3357,1
3358,1
3359,0
3360,1
3361,1
3362,1
3363,1
3364,1
3365,1
3366,1
3367,1
3368,1
3369,1
3370,1
3371,1
3372,1
3373,1
3374,1
3375,1
3376,1
3377,1
3378,1
3379,1
3380,1
3382,1
3383,1
3384,1
3385,1
3386,1
3387,1
3388,1
3389,1
3390,1
3391,1
3392,1
3393,1
3395,1
3396,1
3399,1
3400,1
3401,1
3402,1
3403,1
3406,1
3428,0
3429,0
3430,0
3433,1
3434,0
3435,1
3436,1
3438,1
3439,1
3440,1
3441,1
3442,1
3444,1
3445,1
3447,1
3459,1
3460,1
3461,1
3462,0
3464,1
3465,1
3466,0
3467,0
3469,1
3472,1
3473,0
3475,0
3476,0
3477,0
3478,0
3479,0
3480,0
3481,0
3482,0
3483,0
3486,0
3490,0
3491,0
3492,0
3496,0
3497,1
3499,1
3500,1
3501,0
3502,0
3508,1
3511,0
3513,0
3514,1
3516,1
3517,0
3518,1
3519,0
3521,0
3527,0
3530,1
3531,0
3535,0
3539,1
3546,0
3552,0
3571,1
3578,0
3580,0
3597,1
3599,1
3601,0
3606,1
3608,0
3611,0
3613,0
3616,0
3623,1
3628,0
3631,0
3637,1
3659,0
3660,0
3661,0
3669,1
3677,0
3679,0
3680,0
3682,0
3683,0
3684,0
3685,0
3686,0
3687,0
3692,0
3698,0
3704,1
3707,1
3709,1
3711,0
3712,0
3713,1
3715,0
3723,0
3730,0
3752,0
3758,0
3772,1
3773,0
3774,1
3775,1
3777,1
3778,1
3780,1
3781,1
3782,1
3783,1
3786,1
3787,1
3788,1
3789,1
3790,1
3792,1
3793,1
3794,1
3797,1
3798,1
3799,1
3802,1
3803,1
3804,1
3805,1
3806,1
3807,1
3808,1
3809,1
3810,1
3811,1
3813,1
3814,1
3815,1
3816,1
3817,1
3818,1
3819,1
3820,1
3821,1
3822,1
3823,1
3825,1
3826,1
3827,1
3828,1
3829,1
3830,1
3831,1
3832,1
3833,1
3834,1
3835,1
3836,1
3837,1
3838,1
3839,1
3840,1
3841,1
3843,1
3845,1
3848,1
3849,1
3850,1
3851,1
3852,1
3853,1
3854,1
3855,1
3856,1
3857,1
3858,1
3859,1
3860,1
3861,1
3862,1
3863,1
3864,1
3865,1
3866,1
3867,1
3868,1
3869,1
3870,1
3871,1
3872,1
3873,1
3874,1
3875,1
3877,1
3878,1
3879,1
3882,1
3883,1
3884,1
3885,1
3886,1
3888,1
3889,1
3892,1
3893,1
3894,1
3895,1
3897,1
3899,1
3901,1
3903,1
3904,1
3905,1
3906,1
3907,1
3908,1
3909,1
3910,1
3911,1
3912,1
3913,1
3915,1
3917,1
3918,1
3919,1
3921,1
3922,1
3924,1
3926,1
3927,1
3929,1
3930,1
3931,1
3932,1
3933,1
3934,1
3935,1
3936,1
3937,1
3938,1
3939,1
3940,1
3943,1
3944,1
3945,1
3946,1
3947,1
3949,1
3950,1
3951,1
3952,1
3953,1
3954,1
3955,1
3956,1
3957,1
3958,1
3959,1
3960,1
3961,1
3963,1
3964,1
3965,1
3966,1
3967,1
3968,1
3969,1
3970,1
3972,1
3973,1
3974,1
3975,1
3976,1
3977,1
3978,1
3979,1
3980,1
3981,1
3982,1
3983,1
3984,1
3985,1
3986,1
3987,1
3988,1
3990,1
3991,1
3992,1
3993,1
3994,1
3995,1
3996,0
3997,1
3998,1
3999,1
4000,1
4001,1
4002,0
4003,1
4004,0
4005,1
4006,1
4007,1
4008,1
4009,1
4009,1
4010,1
4011,1
4012,1
4012,1
4013,1
4014,1
4015,1
4016,1
4017,0
4018,1
4019,1
4020,1
4021,1
4022,1
4023,1
4024,1
4024,1
4025,1
4026,1
4027,1
4028,1
4029,1
4030,1
4031,1
4032,1
4032,1
4033,0
4034,1
4035,1
4035,1
4036,1
4037,1
4038,1
4039,1
4040,1
4041,1
4041,1
4042,1
4043,1
4044,1
4045,1
4046,1
4047,1
4048,1
4049,1
4050,1
4051,1
4051,1
4052,1
4052,1
4053,1
4054,1
4055,1
4056,1
4057,1
4058,1
4059,1
4060,1
4061,1
4062,1
4063,1
4064,1
4065,1
4066,1
4067,1
4068,1
4069,1
4070,1
4071,1
4072,0
4073,0
4074,1
4075,1
4076,1
4077,1
4078,1
4079,1
4080,1
4081,1
4082,1
4083,1
4084,1
4084,1
4085,1
4086,1
4087,1
4088,1
4089,0
4090,0
4091,1
4091,1
4092,1
4092,1
4093,1
4094,1
4095,1
4096,1
4097,0
4098,0
4099,1
4100,1
4101,1
4101,1
4102,1
4103,1
4104,1
4110,1
4120,0
4122,1
4124,1
4125,1
4129,1
4134,1
4135,1
4136,1
4144,0
4145,1
4150,0
4151,1
4152,0
4153,0
4154,0
4155,1
4156,0
4157,0
4170,1
4188,1
4200,1
4209,1
4211,1
4216,1
4273,1
4273,1
4523,1
4524,1
4525,1
5210,0
5223,0
5229,1
5229,1
5232,1
5233,0
5234,0
5235,0
5237,0
5238,0
5240,0
5241,0
5242,0
5245,0
5246,1
5248,0
5251,0
5252,0
5257,0
5259,0
5260,0
5261,0
5263,0
5264,1
5267,0
5269,0
5271,0
5272,0
5273,0
5279,0
5280,0
5282,0
5283,0
5284,0
5286,0
5287,0
5289,0
5289,0
5290,0
5291,0
5292,0
5293,0
5295,0
5296,0
5297,0
5298,0
5299,0
5300,0
5301,0
5302,0
5303,0
5304,0
5307,0
5309,0
5310,0
5311,0
5317,0
5318,0
5320,0
5322,0
5325,0
5326,0
5329,0
5331,0
5331,0
5335,0
5337,0
5339,0
5342,0
5343,0
5344,0
5345,0
5349,0
5351,0
5352,0
5354,0
5355,0
5356,0
5357,0
5359,0
5364,0
5367,0
5368,0
5369,0
5374,0
5376,0
5377,0
5378,0
5387,0
5392,0
5393,0
5399,0
5401,0
5402,0
5404,0
5410,0
5411,0
5412,0
5415,1
5416,0
5418,0
5419,1
5421,0
5422,0
5423,0
5424,0
5425,0
5428,0
5429,0
5430,0
5432,0
5433,0
5438,0
5441,0
5446,0
5447,0
5448,0
5449,0
5450,0
5451,0
5452,0
5453,0
5456,0
5457,0
5458,0
5459,0
5460,0
5462,0
5464,0
5465,0
5466,0
5467,0
5468,0
5469,0
5470,0
5471,0
5472,0
5474,0
5475,0
5476,0
5477,0
5478,0
5479,0
5480,0
5481,0
5482,0
5483,0
5484,0
5485,0
5486,0
5487,0
5489,0
5490,0
5491,0
5492,0
5493,0
5494,0
5495,0
5496,0
5497,0
5498,0
5499,0
5500,0
5501,0
5502,0
5503,0
5504,0
5505,0
5506,0
5507,0
5508,0
5509,1
5510,0
5512,0
5513,0
5514,0
5515,0
5516,0
5517,0
5518,0
5520,0
5521,0
5522,1
5522,1
5523,0
5525,0
5528,1
5528,1
5529,0
5530,1
5530,1
5531,0
5532,1
5532,1
5533,1
5533,1
5534,1
5534,1
5535,1
5535,1
5536,1
5536,1
5537,1
5537,1
5544,1
5549,0
5552,0
5553,0
5558,0
5562,0
5564,0
5567,0
5567,0
5568,1
5568,1
5569,0
5570,1
5570,1
5571,1
5571,1
5572,0
5572,0
5575,0
5577,0
5578,0
5580,0
5581,0
5582,0
5583,0
5584,1
5585,1
5586,0
5588,0
5589,0
5590,0
5592,0
5606,0
5618,0
5632,0
5638,0
5643,0
5670,0
5687,0
5697,1
5698,1
5703,1
5736,0
5767,0
5828,0
5829,0
5830,0
5831,0
5833,0
5834,0
5835,0
5836,0
5837,0
5838,0
5840,0
5841,0
5843,1
5844,0
5845,0
5846,0
5847,0
5848,0
5849,0
5850,0
5851,0
5852,0
5853,0
5856,0
5857,0
5858,0
5859,0
5860,0
5863,0
5864,0
5865,0
5866,0
5868,0
5869,0
5871,0
5872,0
5873,0
5874,0
5875,0
5876,0
5877,0
5878,0
5879,0
5880,0
5881,0
5882,0
5883,0
5884,0
5885,0
5886,0
5887,0
5888,0
5889,0
5890,0
5891,0
5892,0
5893,0
5894,0
5895,0
5896,0
5897,0
5898,0
5899,0
5900,0
5901,0
5902,0
5903,0
5904,0
5906,0
5907,0
5908,0
5909,0
5910,0
5912,0
5913,0
5914,0
5915,0
5916,0
5918,0
5919,0
5920,0
5921,0
5922,0
5923,0
5924,0
5925,0
5926,0
5927,1
5928,0
5929,0
5930,0
5931,0
5932,0
5933,0
5934,0
5935,0
5936,0
5937,0
5938,0
5939,0
5940,0
5941,0
5942,0
5943,0
5944,0
5945,0
5946,0
5947,0
5948,0
5949,0
5950,0
5951,0
5952,0
5953,0
5955,0
5956,0
5957,0
5958,0
5959,0
5960,0
5961,0
5962,0
5963,0
5964,0
5965,0
5966,0
5967,0
5968,0
5969,0
5970,0
5971,0
5972,0
5973,0
5974,0
5975,0
5976,0
5977,0
5978,0
5979,0
5980,0
5982,0
5983,0
5984,0
5985,0
5986,0
5987,0
5988,0
5989,0
5990,0
5991,0
5992,0
5993,0
5995,0
5996,0
5997,0
5998,0
5999,0
6000,0
6001,0
6002,0
6003,0
6004,0
6005,0
6006,0
6007,0
6008,0
6009,0
6010,0
6011,0
6012,0
6013,0
6014,0
6015,0
6016,0
6017,0
6018,0
6019,0
6020,0
6021,0
6022,0
6023,0
6027,0
6028,0
6029,0
6030,0
6031,0
6032,0
6033,0
6034,0
6035,0
6036,0
6037,0
6038,0
6039,0
6040,0
6041,0
6043,0
6044,0
6047,0
6049,0
6050,0
6051,0
6055,0
6056,0
6061,0
6070,0
6073,0
6075,0
6086,0
6105,0
6161,0
6164,0
6175,0
6200,0
6228,0
6247,1
6248,1
6253,1
6254,1
6613,1
6614,1
6623,1
6626,1
6627,0
6814,1
6821,1
6824,1
6825,0
6834,1
6844,0
6860,1
6872,1
6927,1
6952,1
7464,1
7506,1
7687,1
7688,1
7689,0
7690,1
7691,1
7692,1
7693,0
7695,0
7697,1
7698,1
7699,1
7700,0
7703,1
7737,0
7810,0
7814,1
7818,0
7820,0
7823,0
7824,0
7825,0
7827,0
7849,0
7897,0
8119,1
8510,1
8513,0
8514,0
8515,0
8579,0
8636,0
8652,1
8663,0
8746,1
8845,0
9124,1
9128,0
9129,0
9150,1
9153,0
9185,1
9227,1
9246,0
9784,1
9786,1
9787,1
9788,1
9789,0
9790,1
9881,1
9882,1
9884,1
9885,0
9886,1
9888,1
9889,1
9890,1
9891,1
9892,1
9893,1
9896,0
9897,1
9898,1
9899,1
9900,1
9901,1
9903,0
9904,1
9905,1
9908,1
9909,0
9910,0
9911,0
9912,0
9913,0
9917,1
9918,1
9919,0
9924,1
9926,1
9931,0
9932,1
9933,0
9934,0
9935,0
9936,0
9938,1
9939,1
9941,1
9942,0
9946,1
9956,1
9973,1
9977,1
9981,0
9982,1
9983,1
9984,0
9988,0
9991,1
9998,1
10011,0
10057,0
10070,0
10081,1
10089,1
10104,1
10105,1
10111,1
10119,1
10141,1
10153,1
10189,1
10206,1
10242,1
10251,1
10252,0
10254,1
10255,1
10256,0
10257,1
10313,1
10315,0
10316,1
10326,1
10333,1
10335,1
10336,0
10338,0
10339,1
10341,1
10374,1
10543,1
10544,1
10545,1
10546,1
10548,1
10549,0
10550,1
10551,1
10553,1
10554,1
10555,1
10556,1
10558,1
10559,1
10560,1
10561,1
10600,1
10634,1
10637,1
10638,1
10639,1
10643,1
10646,1
10647,1
10648,1
10649,1
10650,1
10651,1
10652,1
10653,1
10654,1
10656,1
10657,1
10658,1
10659,1
10663,1
10665,1
10666,1
10671,1
10672,1
10688,1
10692,1
10732,1
10733,1
10763,1
10779,0
10813,1
10949,1
11151,0
11507,0
11775,1
11923,1
11930,1
11933,1
11939,0
11962,0
11963,1
11964,1
11965,0
11966,0
11968,0
11969,0
11970,0
11971,0
11972,1
11973,0
11974,0
11975,0
11976,1
11977,0
11978,0
11982,0
11983,1
11987,0
11988,0
11991,1
11994,0
11996,1
11998,1
12000,1
12002,1
12004,0
12006,0
12008,1
12011,0
12012,1
12013,1
12015,1
12016,1
12017,1
12018,1
12021,1
12022,1
12025,0
12026,0
12027,1
12029,1
12030,1
12031,0
12037,1
12050,1
12055,1
12056,1
12070,0
12093,1
12094,1
12097,1
12099,1
12101,0
12103,0
12105,0
12108,1
12109,1
12110,0
12112,1
12115,1
12117,0
12118,0
12120,0
12124,0
12126,0
12127,0
12129,0
12130,0
12131,0
12132,0
12134,1
12136,0
12138,0
12145,0
12160,1
12164,1
12165,0
12166,0
12172,1
12173,1
12174,1
12176,1
12177,1
12178,1
12183,0
12184,1
12186,1
12187,0
12188,0
12192,1
12195,1
12196,1
12197,1
12200,0
12207,1
12208,1
12211,0
12217,0
12218,1
12223,0
12224,1
12225,0
12226,0
12227,0
12228,1
12230,1
12233,1
12234,1
12236,1
12240,0
12241,1
12242,1
12243,1
12244,1
12245,1
12249,1
12273,1
12274,1
12277,0
12278,1
12280,1
12282,1
12283,1
12284,1
12285,1
12286,1
12287,1
12288,1
12289,1
12290,1
12291,1
12292,0
12293,0
12294,0
12295,0
12296,0
12297,0
12298,0
12300,1
12301,1
12302,1
12303,1
12306,1
12308,1
12310,0
12311,1
12312,1
12313,1
12314,1
12317,0
12320,1
12329,1
12330,1
12346,1
12347,1
12357,1
12358,0
12362,0
12363,1
12364,1
12366,0
12367,1
12368,1
12369,1
12378,0
12380,0
12381,1
12385,0
12386,1
12389,1
12396,0
12399,1
12402,1
12406,0
12407,1
12412,1
12433,1
12434,1
12435,1
12436,1
12437,1
12438,0
12439,0
12440,0
12441,0
12443,0
12444,0
12445,0
12447,0
12449,0
12450,0
12451,0
12455,0
12456,0
12459,0
12462,0
12491,0
12497,0
12537,0
12573,0
12575,1
12576,1
12577,1
12578,1
12579,1
12582,1
12583,1
12589,1
12591,0
12592,0
12594,0
12595,1
12601,0
12605,0
12606,1
12613,1
12617,1
12619,1
12620,1
12622,1
12624,1
12625,1
12626,1
12627,1
12636,0
12644,1
12652,1
12656,1
12658,1
12659,1
12662,0
12665,1
12672,1
12676,1
12678,1
12679,0
12680,1
12681,1
12683,1
12684,1
12685,1
12687,1
12688,0
12691,0
12692,1
12693,1
12695,0
12696,1
12697,1
12698,1
12699,1
12700,0
12701,1
12702,1
12703,1
12704,1
12705,1
12706,1
12707,1
12708,1
12709,1
12710,1
12712,0
12713,1
12714,1
12724,1
12725,1
12726,1
12727,0
12732,1
12733,1
12734,1
12735,1
12737,1
12741,1
12744,1
12745,1
12752,1
12755,1
12759,1
12760,0
12762,1
12763,0
12764,1
12766,0
12767,0
12768,0
12770,0
12771,0
12775,0
12778,1
12781,0
12783,1
12784,1
12785,1
12847,1
12849,1
12850,0
12851,1
12853,1
12855,1
12856,0
12857,1
12859,1
12860,1
12861,1
12862,1
12864,1
12865,1
12866,1
12868,1
12869,1
12870,1
12871,1
12872,1
12873,0
12874,1
12875,1
12876,1
12877,1
12878,1
12879,1
12880,1
12881,0
12882,1
12883,1
12887,0
12888,0
12893,0
12897,1
12910,0
12911,1
12927,1
12930,1
12931,1
12932,1
12933,1
12934,1
12935,1
12936,1
12937,1
12938,1
12939,1
12940,1
12941,1
12942,1
12943,1
12952,0
12954,1
12956,1
12959,1
12962,1
12965,1
12966,1
12967,1
12968,1
12970,1
12971,1
12974,1
12975,1
12976,1
12977,1
12978,1
12979,1
12980,1
12981,0
12982,0
12993,1
12995,1
12998,0
12999,1
13001,0
13002,0
13005,1
13006,1
13007,1
13009,1
13010,1
13011,1
13012,1
13014,1
13018,0
13022,0
13044,1
13048,1
13055,1
13067,0
13068,0
13075,0
13076,0
13077,1
13081,1
13082,1
13083,1
13098,1
13100,1
13101,1
13103,1
13105,1
13107,1
13108,1
13109,1
13111,0
13112,1
13113,0
13133,0
13136,1
13139,1
13140,1
13154,1
13183,1
13229,1
13232,1
13237,1
13238,1
13243,0
13274,1
13275,1
13276,1
13282,0
13283,0
13284,0
13354,0
13361,1
13384,1
13392,1
13393,1
13394,1
13416,0
13418,0
13423,0
13425,1
13427,1
13430,0
13431,1
13432,0
13434,1
13435,1
13448,0
13468,1
13470,1
13471,0
13472,1
13484,1
13525,1
13541,1
13643,1
13913,0
14475,0
14792,1
14850,1
14851,1
14852,1
14853,1
14855,1
14856,1
14857,1
14858,1
14859,1
14860,1
14862,1
14863,1
14864,1
14866,1
14867,1
14868,1
14870,1
14871,1
14872,1
14873,1
14874,1
14875,1
14876,1
14877,1
14878,1
14879,1
14880,1
14881,1
14882,1
14883,1
14884,1
14885,1
14886,1
14887,1
14888,1
14890,1
14891,1
14892,1
14893,1
14894,1
14895,1
14896,1
14897,1
14898,1
14899,1
14900,1
14901,1
14902,1
14903,1
14904,1
14905,1
14906,1
14907,1
14908,1
14909,1
14910,1
14911,1
14912,1
14913,1
14914,1
14915,1
14916,1
14918,1
14920,1
14921,1
14922,1
14923,1
14924,1
14925,1
14926,1
14927,1
14928,1
14929,1
14930,1
14931,1
14932,1
14933,1
14934,1
14935,0
14936,1
14937,1
14938,1
14939,1
14940,1
14941,1
14942,1
14944,1
14945,1
14946,1
14947,1
14948,1
14950,1
14951,1
14952,1
14953,1
14954,1
14955,1
14956,1
14957,1
14958,1
14959,1
14961,1
14962,1
14963,1
14964,1
14966,1
14967,1
14968,1
14969,1
14970,1
14971,1
14974,1
14979,1
14987,1
14989,1
14993,0
14994,0
14997,1
14998,1
14999,1
15001,1
15002,1
15003,1
15004,1
15005,1
15007,1
15008,1
15009,0
15013,1
15016,1
15018,1
15019,1
15020,1
15021,1
15022,1
15024,0
15026,1
15028,0
15029,1
15030,0
15031,0
15033,1
15034,1
15035,0
15036,0
15037,0
15038,0
15043,0
15044,1
15045,1
15046,1
15047,1
15048,0
15049,1
15050,1
15051,1
15052,1
15053,1
15054,1
15055,1
15059,1
15060,1
15061,1
15063,1
15064,1
15066,1
15068,1
15069,1
15070,1
15071,1
15073,1
15075,1
15076,1
15078,1
15080,1
15082,1
15083,1
15087,0
15089,1
15092,1
15096,1
15097,1
15098,0
15099,1
15100,1
15102,1
15104,0
15108,1
15111,1
15112,1
15113,0
15117,1
15118,1
15120,0
15121,1
15125,1
15126,1
15127,1
15128,1
15130,1
15131,1
15132,1
15135,1
15136,1
15138,1
15142,0
15143,0
15144,1
15145,1
15146,1
15148,0
15149,1
15150,1
15151,1
15152,1
15153,1
15154,1
15155,0
15156,1
15157,1
15160,0
15161,0
15163,1
15165,1
15167,1
15168,1
15169,1
15173,1
15175,1
15176,1
15177,0
15178,0
15181,1
15188,1
15189,0
15197,1
15201,1
15202,1
15203,0
15210,1
15211,1
15213,1
15215,1
15216,1
15220,1
15222,1
15223,1
15226,1
15230,1
15231,1
15233,0
15234,0
15236,0
15237,1
15238,0
15239,1
15240,1
15241,0
15242,1
15243,0
15244,1
15255,1
15256,1
15257,1
15262,1
15264,1
15267,1
15268,1
15271,0
15273,1
15274,1
15275,1
15278,0
15282,0
15283,1
15284,0
15286,1
15292,0
15299,1
15300,1
15301,1
15305,1
15309,1
15310,1
15311,1
15312,1
15313,1
15314,1
15315,1
15317,1
15320,1
15321,1
15325,1
15328,1
15329,1
15330,1
15332,1
15333,0
15335,1
15336,1
15342,1
15343,1
15351,1
15370,1
15371,1
15374,1
15376,1
15377,1
15378,0
15383,1
15385,1
15386,1
15388,1
15389,0
15396,1
15404,1
15406,1
15411,1
15412,1
15417,1
15435,1
15439,0
15445,1
15447,1
15449,1
15450,1
15451,1
15452,1
15453,1
15454,1
15455,1
15456,1
15457,1
15471,1
15472,1
15638,1
15786,1
15791,1
15829,1
15935,1
15951,0
15999,1
16005,1
16180,1
16187,1
16210,1
16216,1
16268,1
16492,1
16539,1
16552,1
16557,1
16563,1
16564,1
16575,1
16577,1
16597,1
16606,0
16761,1
16855,0
16868,1
16893,1
16895,1
16905,1
16906,1
16909,0
16910,0
16911,1
16915,1
16916,1
16918,1
16940,1
16941,1
16943,0
16944,0
16961,1
16965,1
16969,0
16973,0
16977,0
16988,1
16993,1
17014,0
17016,0
17020,0
17022,0
17068,0
17087,0
17189,0
17191,0
17194,0
17195,0
17199,1
17248,0
17319,0
17498,1
17521,0
17797,1
18022,0
18025,1
18034,1
18035,1
18039,1
18040,1
18051,0
18068,1
18085,0
18097,1
18107,0
18108,1
18111,0
18118,0
18130,1
18138,1
18152,1
18158,1
18191,1
18194,0
18196,1
18227,1
18273,0
18277,0
18304,1
18342,0
18343,1
18345,0
18346,1
18347,0
18348,0
18349,1
18350,1
18355,1
18358,1
18359,1
18362,1
18364,1
18365,1
18366,0
18377,0
18395,0
18410,0
18450,0
18463,0
18471,0
18477,0
18483,0
18488,1
18502,0
18562,0
18616,0
18626,0
18713,1
18723,0
18726,0
18727,1
19226,1
19228,0
19229,1
19278,0
19301,1
19305,0
19308,0
19647,1
19651,1
19652,1
19654,0
19661,0
19663,0
19666,1
19667,1
19668,1
19669,0
19671,0
19672,1
19677,0
19678,1
19680,0
19682,1
19683,0
19684,0
19687,1
19688,1
19690,0
19691,1
19692,0
19698,0
19700,1
19702,1
19705,0
19707,1
19708,0
19710,0
19711,1
19712,1
19713,0
19715,1
19716,0
19718,1
19719,0
19720,1
19721,1
19724,1
19726,1
19730,1
19782,1
19797,1
19803,0
20015,0
20022,1
20023,1
20040,0
20041,0
20045,0
20046,0
20057,0
20058,0
20059,0
20060,1
20064,0
20074,0
20310,1
20346,1
20347,0
20351,0
20356,1
20372,1
20373,1
20384,1
20388,1
20410,1
20436,1
20780,0
20814,0
20822,0
20826,1
20828,1
20830,1
20831,1
20836,0
20837,1
20838,0
20839,1
20840,0
20860,1
20902,1
20908,1
20911,1
20914,1
20915,1
20916,1
21013,1
21201,0
21276,0
21302,1
21400,0
21402,0
21403,1
21404,1
21406,1
21407,1
21409,1
21471,1
21507,1
21509,1
21510,1
21511,1
21512,1
21513,1
21514,1
21515,1
21516,1
21521,1
21523,1
21528,1
21529,1
21530,1
21531,1
21532,1
21534,1
21551,1
21552,1
21571,1
21655,1
21656,1
21666,1
21667,1
21671,1
21672,1
21673,0
21675,1
21676,1
21689,0
21691,1
21715,1
21716,1
21739,1
21740,1
21741,1
21742,1
21743,1
21745,0
21747,1
21752,1
21758,1
21761,1
21763,1
21764,1
21765,1
21766,1
21767,1
21768,1
21769,1
21770,1
21771,1
21773,1
21776,1
21822,0
21830,1
21915,1
21942,0
21998,0
22002,0
22003,0
22004,0
22007,0
22008,1
22009,0
22012,1
22013,1
22014,0
22016,0
22018,1
22019,0
22020,0
22021,1
22022,0
22023,1
22027,0
22028,0
22030,1
22034,0
22035,1
22046,1
22049,0
22058,0
22064,0
22067,1
22074,1
22079,0
22091,1
22096,1
22101,1
22120,1
22122,1
22382,0
22383,1
22386,0
22393,1
22394,1
22396,1
22398,1
22399,1
22401,0
22404,0
22405,0
22406,0
22410,1
22412,0
22415,0
22424,0
22434,0
22436,1
22733,0
23637,0
23645,1
23673,1
23686,1
23687,0
23748,0
23752,1
23753,1
23754,1
23769,0
23770,0
23771,0
23772,1
23773,0
23774,0
23776,1
23781,0
23782,1
23796,1
23799,0
23802,1
23871,1
23895,1
23902,1
24020,1
24021,1
24032,0
24034,1
24035,0
24038,1
24039,1
24049,0
24070,0
24098,0
24102,1
24104,1
24107,1
24110,1
24129,0
24131,0
24133,1
24134,1
24136,0
24137,1
24139,1
24142,1
24144,1
24145,0
24146,1
24147,0
24148,1
24149,1
24150,1
24152,1
24153,1
24155,1
24156,1
24157,0
24159,1
24160,0
24161,1
24162,0
24164,1
24165,1
24166,0
24167,1
24168,1
24169,1
24170,0
24171,1
24172,0
24176,1
24183,1
24187,1
24190,1
24192,0
24212,1
24213,1
24229,1
24237,0
24238,1
24245,0
24266,1
24267,1
24270,1
24281,1
24313,1
24320,0
24328,1
24330,1
24336,1
24339,0
24343,1
24344,0
24347,1
24348,1
24349,0
24350,0
24353,0
24364,0
24441,1
24443,1
24444,0
24666,0
24686,0
24691,0
24694,0
24708,0
24711,0
24714,1
24721,0
24911,1
24914,1
24915,1
24936,0
24937,1
24938,0
24941,1
24942,1
24945,1
24949,0
24952,0
24964,0
24966,0
24967,0
24968,1
24969,1
24970,0
24974,0
24975,0
24982,0
24983,0
24985,1
25004,0
25006,0
25017,1
25024,1
25045,1
25054,0
25055,0
25056,0
25070,1
25075,0
25076,0
25077,0
25097,1
25101,0
25111,0
25423,1
25428,0
25493,1
25543,0
25570,1
25572,0
25594,1
25694,0
25732,0
25804,1
25833,1
25834,1
25849,1
25868,0
25873,0
25893,0
25895,1
25896,1
25898,0
25900,1
25901,0
25922,1
25948,0
25989,1
26029,1
26036,1
26041,1
26050,1
26054,1
26103,1
26109,1
26135,1
26136,1
26141,1
26142,0
26143,1
26150,0
26161,0
26165,1
26169,1
26171,1
